"","Section","Latitude","Longitude","Date","Depth_cm","Velocity_0.6_ms","coord_code","SantaAnaSucker","ArroyoChub"
"1",4,34.03305,-117.3561,"9/20/16",18,0.74,"34.03305_-117.3561",0,0
"2",4,34.03305,-117.3561,"9/20/16",20,0.74,"34.03305_-117.3561",0,0
"3",4,34.03305,-117.3561,"9/20/16",25,0.73,"34.03305_-117.3561",0,0
"4",4,34.03305,-117.3561,"9/20/16",39,0.94,"34.03305_-117.3561",0,0
"5",4,34.03305,-117.3561,"9/20/16",29,0.77,"34.03305_-117.3561",0,0
"6",4,34.03305,-117.3561,"9/20/16",15,0.47,"34.03305_-117.3561",0,0
"7",4,34.03305,-117.3561,"9/20/16",10,0.49,"34.03305_-117.3561",0,0
"8",4,34.03305,-117.3561,"9/20/16",12,0.54,"34.03305_-117.3561",0,0
"9",4,34.03305,-117.3561,"9/20/16",4,0,"34.03305_-117.3561",0,0
"10",4,34.03305,-117.3561,"9/20/16",20,0.74,"34.03305_-117.3561",0,0
"11",4,34.03311,-117.35608,"9/20/16",30,0.74,"34.03311_-117.35608",0,0
"12",4,34.03311,-117.35608,"9/20/16",26,0.86,"34.03311_-117.35608",0,0
"13",4,34.03311,-117.35608,"9/20/16",28,0.72,"34.03311_-117.35608",0,0
"14",4,34.03311,-117.35608,"9/20/16",30,0.71,"34.03311_-117.35608",0,0
"15",4,34.03311,-117.35608,"9/20/16",24,0.77,"34.03311_-117.35608",0,0
"16",4,34.03311,-117.35608,"9/20/16",19,0.73,"34.03311_-117.35608",0,0
"17",4,34.03311,-117.35608,"9/20/16",27,0.38,"34.03311_-117.35608",0,0
"18",4,34.03311,-117.35608,"9/20/16",16,0.49,"34.03311_-117.35608",0,0
"19",4,34.03311,-117.35608,"9/20/16",7,0,"34.03311_-117.35608",0,0
"20",4,34.03311,-117.35608,"9/20/16",2,0,"34.03311_-117.35608",0,0
"21",4,34.03319,-117.35605,"9/20/16",2,0,"34.03319_-117.35605",0,0
"22",4,34.03319,-117.35605,"9/20/16",11,0.04,"34.03319_-117.35605",0,0
"23",4,34.03319,-117.35605,"9/20/16",23,0.58,"34.03319_-117.35605",0,0
"24",4,34.03319,-117.35605,"9/20/16",28,0.77,"34.03319_-117.35605",0,0
"25",4,34.03319,-117.35605,"9/20/16",26,0.86,"34.03319_-117.35605",0,0
"26",4,34.03319,-117.35605,"9/20/16",28,0.84,"34.03319_-117.35605",0,0
"27",4,34.03319,-117.35605,"9/20/16",25,0.95,"34.03319_-117.35605",0,0
"28",4,34.03319,-117.35605,"9/20/16",24,0.77,"34.03319_-117.35605",0,0
"29",4,34.03319,-117.35605,"9/20/16",23,0.68,"34.03319_-117.35605",0,0
"30",4,34.03319,-117.35605,"9/20/16",11,0.41,"34.03319_-117.35605",0,0
"31",4,34.03329,-117.35601,"9/20/16",14,-0.09,"34.03329_-117.35601",0,0
"32",4,34.03329,-117.35601,"9/20/16",22,0.75,"34.03329_-117.35601",0,0
"33",4,34.03329,-117.35601,"9/20/16",25,0.81,"34.03329_-117.35601",0,0
"34",4,34.03329,-117.35601,"9/20/16",26,1.09,"34.03329_-117.35601",0,0
"35",4,34.03329,-117.35601,"9/20/16",27,1.11,"34.03329_-117.35601",0,0
"36",4,34.03329,-117.35601,"9/20/16",25,1,"34.03329_-117.35601",0,0
"37",4,34.03329,-117.35601,"9/20/16",20,0.85,"34.03329_-117.35601",0,0
"38",4,34.03329,-117.35601,"9/20/16",9,0.12,"34.03329_-117.35601",0,0
"39",4,34.03329,-117.35601,"9/20/16",2,0,"34.03329_-117.35601",0,0
"40",4,34.03329,-117.35601,"9/20/16",15,0.13,"34.03329_-117.35601",0,0
"41",4,34.03341,-117.35603,"9/20/16",11,0.54,"34.03341_-117.35603",0,0
"42",4,34.03341,-117.35603,"9/20/16",25,0.77,"34.03341_-117.35603",0,0
"43",4,34.03341,-117.35603,"9/20/16",26,0.96,"34.03341_-117.35603",0,0
"44",4,34.03341,-117.35603,"9/20/16",32,0.98,"34.03341_-117.35603",0,0
"45",4,34.03341,-117.35603,"9/20/16",31,0.91,"34.03341_-117.35603",0,0
"46",4,34.03341,-117.35603,"9/20/16",27,0.73,"34.03341_-117.35603",0,0
"47",4,34.03341,-117.35603,"9/20/16",14,0.49,"34.03341_-117.35603",0,0
"48",4,34.03341,-117.35603,"9/20/16",2,0,"34.03341_-117.35603",0,0
"49",4,34.03341,-117.35603,"9/20/16",6,0.02,"34.03341_-117.35603",0,0
"50",4,34.03341,-117.35603,"9/20/16",12,0.21,"34.03341_-117.35603",0,0
"51",4,34.0335,-117.35602,"9/20/16",27,0.26,"34.0335_-117.35602",0,0
"52",4,34.0335,-117.35602,"9/20/16",23,0.79,"34.0335_-117.35602",0,0
"53",4,34.0335,-117.35602,"9/20/16",46,1.16,"34.0335_-117.35602",0,0
"54",4,34.0335,-117.35602,"9/20/16",44,0.92,"34.0335_-117.35602",0,0
"55",4,34.0335,-117.35602,"9/20/16",43,0.66,"34.0335_-117.35602",0,0
"56",4,34.0335,-117.35602,"9/20/16",31,0.51,"34.0335_-117.35602",0,0
"57",4,34.0335,-117.35602,"9/20/16",19,0.38,"34.0335_-117.35602",0,0
"58",4,34.0335,-117.35602,"9/20/16",9,0.17,"34.0335_-117.35602",0,0
"59",4,34.0335,-117.35602,"9/20/16",2,0,"34.0335_-117.35602",0,0
"60",4,34.0335,-117.35602,"9/20/16",23,0.03,"34.0335_-117.35602",0,0
"61",4,34.03359,-117.35598,"9/20/16",38,1.39,"34.03359_-117.35598",0,0
"62",4,34.03359,-117.35598,"9/20/16",36,1.35,"34.03359_-117.35598",0,0
"63",4,34.03359,-117.35598,"9/20/16",35,0.97,"34.03359_-117.35598",0,0
"64",4,34.03359,-117.35598,"9/20/16",34,0.69,"34.03359_-117.35598",0,0
"65",4,34.03359,-117.35598,"9/20/16",29,0.5,"34.03359_-117.35598",0,0
"66",4,34.03359,-117.35598,"9/20/16",21,0.12,"34.03359_-117.35598",0,0
"67",4,34.03359,-117.35598,"9/20/16",11,-0.08,"34.03359_-117.35598",0,0
"68",4,34.03359,-117.35598,"9/20/16",43,0.71,"34.03359_-117.35598",0,0
"69",4,34.03359,-117.35598,"9/20/16",5,-0.05,"34.03359_-117.35598",0,0
"70",4,34.03359,-117.35598,"9/20/16",29,0.09,"34.03359_-117.35598",0,0
"71",4,34.03364,-117.35601,"9/20/16",32,1.72,"34.03364_-117.35601",0,0
"72",4,34.03364,-117.35601,"9/20/16",35,1.48,"34.03364_-117.35601",0,0
"73",4,34.03364,-117.35601,"9/20/16",26,1.17,"34.03364_-117.35601",0,0
"74",4,34.03364,-117.35601,"9/20/16",21,1.04,"34.03364_-117.35601",0,0
"75",4,34.03364,-117.35601,"9/20/16",12,0.88,"34.03364_-117.35601",0,0
"76",4,34.03364,-117.35601,"9/20/16",12,0.53,"34.03364_-117.35601",0,0
"77",4,34.03364,-117.35601,"9/20/16",8,0.49,"34.03364_-117.35601",0,0
"78",4,34.03364,-117.35601,"9/20/16",2,0,"34.03364_-117.35601",0,0
"79",4,34.03364,-117.35601,"9/20/16",17,0.27,"34.03364_-117.35601",0,0
"80",4,34.03364,-117.35601,"9/20/16",20,1.23,"34.03364_-117.35601",0,0
"81",4,34.03375,-117.35606,"9/20/16",16,0.48,"34.03375_-117.35606",0,0
"82",4,34.03375,-117.35606,"9/20/16",8,0.68,"34.03375_-117.35606",0,0
"83",4,34.03375,-117.35606,"9/20/16",16,0.91,"34.03375_-117.35606",0,0
"84",4,34.03375,-117.35606,"9/20/16",10,0.37,"34.03375_-117.35606",0,0
"85",4,34.03375,-117.35606,"9/20/16",14,0.45,"34.03375_-117.35606",0,0
"86",4,34.03375,-117.35606,"9/20/16",12,0.36,"34.03375_-117.35606",0,0
"87",4,34.03375,-117.35606,"9/20/16",12,0.12,"34.03375_-117.35606",0,0
"88",4,34.03375,-117.35606,"9/20/16",4,0,"34.03375_-117.35606",0,0
"89",4,34.03375,-117.35606,"9/20/16",30,1.11,"34.03375_-117.35606",0,0
"90",4,34.03375,-117.35606,"9/20/16",8,-0.07,"34.03375_-117.35606",0,0
"91",4,34.03382,-117.35618,"9/20/16",6,0.09,"34.03382_-117.35618",0,0
"92",4,34.03382,-117.35618,"9/20/16",6,0.14,"34.03382_-117.35618",0,0
"93",4,34.03382,-117.35618,"9/20/16",5,-0.05,"34.03382_-117.35618",0,0
"94",4,34.03382,-117.35618,"9/20/16",8,0.27,"34.03382_-117.35618",0,0
"95",4,34.03382,-117.35618,"9/20/16",9,0.19,"34.03382_-117.35618",0,0
"96",4,34.03382,-117.35618,"9/20/16",14,0.44,"34.03382_-117.35618",0,0
"97",4,34.03382,-117.35618,"9/20/16",18,0.6,"34.03382_-117.35618",0,0
"98",4,34.03382,-117.35618,"9/20/16",11,0.38,"34.03382_-117.35618",0,0
"99",4,34.03382,-117.35618,"9/20/16",4,-0.03,"34.03382_-117.35618",0,0
"100",4,34.03382,-117.35618,"9/20/16",30,0.51,"34.03382_-117.35618",0,0
"101",4,34.03397,-117.35609,"9/20/16",2,0,"34.03397_-117.35609",0,0
"102",4,34.03397,-117.35609,"9/20/16",16,0.48,"34.03397_-117.35609",0,0
"103",4,34.03397,-117.35609,"9/20/16",12,0.38,"34.03397_-117.35609",0,0
"104",4,34.03397,-117.35609,"9/20/16",12,0.55,"34.03397_-117.35609",0,0
"105",4,34.03397,-117.35609,"9/20/16",13,0.63,"34.03397_-117.35609",0,0
"106",4,34.03397,-117.35609,"9/20/16",15,0.57,"34.03397_-117.35609",0,0
"107",4,34.03397,-117.35609,"9/20/16",12,0.49,"34.03397_-117.35609",0,0
"108",4,34.03397,-117.35609,"9/20/16",10,0.04,"34.03397_-117.35609",0,0
"109",4,34.03397,-117.35609,"9/20/16",27,0.64,"34.03397_-117.35609",0,0
"110",4,34.03397,-117.35609,"9/20/16",28,0.44,"34.03397_-117.35609",0,0
"111",4,34.03408,-117.35615,"9/20/16",8,0.22,"34.03408_-117.35615",0,0
"112",4,34.03408,-117.35615,"9/20/16",14,0.42,"34.03408_-117.35615",0,0
"113",4,34.03408,-117.35615,"9/20/16",15,0.47,"34.03408_-117.35615",0,0
"114",4,34.03408,-117.35615,"9/20/16",19,0.63,"34.03408_-117.35615",0,0
"115",4,34.03408,-117.35615,"9/20/16",18,0.59,"34.03408_-117.35615",0,0
"116",4,34.03408,-117.35615,"9/20/16",15,0.56,"34.03408_-117.35615",0,0
"117",4,34.03408,-117.35615,"9/20/16",15,0.52,"34.03408_-117.35615",0,0
"118",4,34.03408,-117.35615,"9/20/16",12,0.47,"34.03408_-117.35615",0,0
"119",4,34.03408,-117.35615,"9/20/16",18,0.18,"34.03408_-117.35615",0,0
"120",4,34.03408,-117.35615,"9/20/16",10,0,"34.03408_-117.35615",0,0
"121",4,34.03416,-117.35625,"9/20/16",11,0.34,"34.03416_-117.35625",0,0
"122",4,34.03416,-117.35625,"9/20/16",20,0.49,"34.03416_-117.35625",0,0
"123",4,34.03416,-117.35625,"9/20/16",24,0.67,"34.03416_-117.35625",0,0
"124",4,34.03416,-117.35625,"9/20/16",24,0.71,"34.03416_-117.35625",0,0
"125",4,34.03416,-117.35625,"9/20/16",24,0.69,"34.03416_-117.35625",0,0
"126",4,34.03416,-117.35625,"9/20/16",17,0.61,"34.03416_-117.35625",0,0
"127",4,34.03416,-117.35625,"9/20/16",10,0.23,"34.03416_-117.35625",0,0
"128",4,34.03416,-117.35625,"9/20/16",2,0,"34.03416_-117.35625",0,0
"129",4,34.03416,-117.35625,"9/20/16",13,0.33,"34.03416_-117.35625",0,0
"130",4,34.03416,-117.35625,"9/20/16",10,0.03,"34.03416_-117.35625",0,0
"131",4,34.03419,-117.35637,"9/20/16",14,0.55,"34.03419_-117.35637",0,0
"132",4,34.03419,-117.35637,"9/20/16",18,0.63,"34.03419_-117.35637",0,0
"133",4,34.03419,-117.35637,"9/20/16",22,0.78,"34.03419_-117.35637",0,0
"134",4,34.03419,-117.35637,"9/20/16",25,0.77,"34.03419_-117.35637",0,0
"135",4,34.03419,-117.35637,"9/20/16",24,0.81,"34.03419_-117.35637",0,0
"136",4,34.03419,-117.35637,"9/20/16",20,0.82,"34.03419_-117.35637",0,0
"137",4,34.03419,-117.35637,"9/20/16",28,0.76,"34.03419_-117.35637",0,0
"138",4,34.03419,-117.35637,"9/20/16",13,0.09,"34.03419_-117.35637",0,0
"139",4,34.03419,-117.35637,"9/20/16",13,0.43,"34.03419_-117.35637",0,0
"140",4,34.03419,-117.35637,"9/20/16",2,0,"34.03419_-117.35637",0,0
"141",4,34.0343,-117.35641,"9/20/16",17,0.24,"34.0343_-117.35641",0,0
"142",4,34.0343,-117.35641,"9/20/16",16,0.34,"34.0343_-117.35641",0,0
"143",4,34.0343,-117.35641,"9/20/16",19,0.51,"34.0343_-117.35641",0,0
"144",4,34.0343,-117.35641,"9/20/16",32,0.69,"34.0343_-117.35641",0,0
"145",4,34.0343,-117.35641,"9/20/16",25,0.83,"34.0343_-117.35641",0,0
"146",4,34.0343,-117.35641,"9/20/16",21,0.96,"34.0343_-117.35641",0,0
"147",4,34.0343,-117.35641,"9/20/16",28,0.98,"34.0343_-117.35641",0,0
"148",4,34.0343,-117.35641,"9/20/16",8,0,"34.0343_-117.35641",0,0
"149",4,34.0343,-117.35641,"9/20/16",21,0.05,"34.0343_-117.35641",0,0
"150",4,34.0343,-117.35641,"9/20/16",30,0.64,"34.0343_-117.35641",0,0
"151",4,34.03437,-117.35646,"9/20/16",5,0.03,"34.03437_-117.35646",0,0
"152",4,34.03437,-117.35646,"9/20/16",8,0.05,"34.03437_-117.35646",0,0
"153",4,34.03437,-117.35646,"9/20/16",18,0.45,"34.03437_-117.35646",0,0
"154",4,34.03437,-117.35646,"9/20/16",35,1.16,"34.03437_-117.35646",0,0
"155",4,34.03437,-117.35646,"9/20/16",34,0.93,"34.03437_-117.35646",0,0
"156",4,34.03437,-117.35646,"9/20/16",30,0.93,"34.03437_-117.35646",0,0
"157",4,34.03437,-117.35646,"9/20/16",23,0.07,"34.03437_-117.35646",0,0
"158",4,34.03437,-117.35646,"9/20/16",13,0.16,"34.03437_-117.35646",0,0
"159",4,34.03437,-117.35646,"9/20/16",4,0.44,"34.03437_-117.35646",0,0
"160",4,34.03437,-117.35646,"9/20/16",5,0.13,"34.03437_-117.35646",0,0
"161",4,34.03446,-117.35645,"9/20/16",2,0,"34.03446_-117.35645",0,0
"162",4,34.03446,-117.35645,"9/20/16",21,-0.07,"34.03446_-117.35645",0,0
"163",4,34.03446,-117.35645,"9/20/16",36,0.33,"34.03446_-117.35645",0,0
"164",4,34.03446,-117.35645,"9/20/16",40,0.88,"34.03446_-117.35645",0,0
"165",4,34.03446,-117.35645,"9/20/16",30,0.76,"34.03446_-117.35645",0,0
"166",4,34.03446,-117.35645,"9/20/16",20,0.77,"34.03446_-117.35645",0,0
"167",4,34.03446,-117.35645,"9/20/16",19,0.78,"34.03446_-117.35645",0,0
"168",4,34.03446,-117.35645,"9/20/16",18,0.63,"34.03446_-117.35645",0,0
"169",4,34.03446,-117.35645,"9/20/16",11,0.12,"34.03446_-117.35645",0,0
"170",4,34.03446,-117.35645,"9/20/16",10,0,"34.03446_-117.35645",0,0
"171",4,34.03453,-117.35653,"9/20/16",28,0.71,"34.03453_-117.35653",0,0
"172",4,34.03453,-117.35653,"9/20/16",20,0.65,"34.03453_-117.35653",0,0
"173",4,34.03453,-117.35653,"9/20/16",13,0.62,"34.03453_-117.35653",0,0
"174",4,34.03453,-117.35653,"9/20/16",17,0.83,"34.03453_-117.35653",0,0
"175",4,34.03453,-117.35653,"9/20/16",18,0.78,"34.03453_-117.35653",0,0
"176",4,34.03453,-117.35653,"9/20/16",17,0.84,"34.03453_-117.35653",0,0
"177",4,34.03453,-117.35653,"9/20/16",12,0.22,"34.03453_-117.35653",0,0
"178",4,34.03453,-117.35653,"9/20/16",44,0.93,"34.03453_-117.35653",0,0
"179",4,34.03453,-117.35653,"9/20/16",13,0.4,"34.03453_-117.35653",0,0
"180",4,34.03453,-117.35653,"9/20/16",2,0,"34.03453_-117.35653",0,0
"181",4,34.03463,-117.35657,"9/20/16",19,0.63,"34.03463_-117.35657",0,0
"182",4,34.03463,-117.35657,"9/20/16",22,0.81,"34.03463_-117.35657",0,0
"183",4,34.03463,-117.35657,"9/20/16",24,0.86,"34.03463_-117.35657",0,0
"184",4,34.03463,-117.35657,"9/20/16",27,0.94,"34.03463_-117.35657",0,0
"185",4,34.03463,-117.35657,"9/20/16",32,0.86,"34.03463_-117.35657",0,0
"186",4,34.03463,-117.35657,"9/20/16",32,0.82,"34.03463_-117.35657",0,0
"187",4,34.03463,-117.35657,"9/20/16",4,0,"34.03463_-117.35657",0,0
"188",4,34.03463,-117.35657,"9/20/16",9,0.05,"34.03463_-117.35657",0,0
"189",4,34.03463,-117.35657,"9/20/16",22,0.44,"34.03463_-117.35657",0,0
"190",4,34.03463,-117.35657,"9/20/16",19,0.01,"34.03463_-117.35657",0,0
"191",4,34.03473,-117.35663,"9/20/16",40,0.39,"34.03473_-117.35663",0,0
"192",4,34.03473,-117.35663,"9/20/16",45,0.79,"34.03473_-117.35663",0,0
"193",4,34.03473,-117.35663,"9/20/16",39,0.88,"34.03473_-117.35663",0,0
"194",4,34.03473,-117.35663,"9/20/16",29,0.81,"34.03473_-117.35663",0,0
"195",4,34.03473,-117.35663,"9/20/16",25,0.72,"34.03473_-117.35663",0,0
"196",4,34.03473,-117.35663,"9/20/16",37,0.51,"34.03473_-117.35663",0,0
"197",4,34.03473,-117.35663,"9/20/16",20,0.04,"34.03473_-117.35663",0,0
"198",4,34.03473,-117.35663,"9/20/16",30,0.18,"34.03473_-117.35663",0,0
"199",4,34.03473,-117.35663,"9/20/16",33,0.33,"34.03473_-117.35663",0,0
"200",4,34.03473,-117.35663,"9/20/16",5,0.07,"34.03473_-117.35663",0,0
"201",4,34.03479,-117.35673,"9/20/16",28,0.57,"34.03479_-117.35673",0,0
"202",4,34.03479,-117.35673,"9/20/16",24,0.8,"34.03479_-117.35673",0,0
"203",4,34.03479,-117.35673,"9/20/16",24,1.1,"34.03479_-117.35673",0,0
"204",4,34.03479,-117.35673,"9/20/16",31,1.16,"34.03479_-117.35673",0,0
"205",4,34.03479,-117.35673,"9/20/16",24,1.53,"34.03479_-117.35673",0,0
"206",4,34.03479,-117.35673,"9/20/16",20,1.11,"34.03479_-117.35673",0,0
"207",4,34.03479,-117.35673,"9/20/16",12,0.82,"34.03479_-117.35673",0,0
"208",4,34.03479,-117.35673,"9/20/16",2,0,"34.03479_-117.35673",0,0
"209",4,34.03479,-117.35673,"9/20/16",14,0.05,"34.03479_-117.35673",0,0
"210",4,34.03479,-117.35673,"9/20/16",26,0.27,"34.03479_-117.35673",0,0
"211",3,34.03669,-117.35616,"9/21/16",46,0.56,"34.03669_-117.35616",0,0
"212",3,34.03669,-117.35616,"9/21/16",37,0.69,"34.03669_-117.35616",0,0
"213",3,34.03669,-117.35616,"9/21/16",47,0.76,"34.03669_-117.35616",0,0
"214",3,34.03669,-117.35616,"9/21/16",39,0.77,"34.03669_-117.35616",0,0
"215",3,34.03669,-117.35616,"9/21/16",45,0.74,"34.03669_-117.35616",0,0
"216",3,34.03669,-117.35616,"9/21/16",43,0.59,"34.03669_-117.35616",0,0
"217",3,34.03669,-117.35616,"9/21/16",48,0.31,"34.03669_-117.35616",0,0
"218",3,34.03669,-117.35616,"9/21/16",50,0.59,"34.03669_-117.35616",0,0
"219",3,34.03669,-117.35616,"9/21/16",28,0.28,"34.03669_-117.35616",0,0
"220",3,34.03669,-117.35616,"9/21/16",5,0,"34.03669_-117.35616",0,0
"221",3,34.03677,-117.35611,"9/21/16",50,0.77,"34.03677_-117.35611",0,0
"222",3,34.03677,-117.35611,"9/21/16",45,0.72,"34.03677_-117.35611",0,0
"223",3,34.03677,-117.35611,"9/21/16",41,0.73,"34.03677_-117.35611",0,0
"224",3,34.03677,-117.35611,"9/21/16",34,0.71,"34.03677_-117.35611",0,0
"225",3,34.03677,-117.35611,"9/21/16",24,0.58,"34.03677_-117.35611",0,0
"226",3,34.03677,-117.35611,"9/21/16",49,0.55,"34.03677_-117.35611",0,0
"227",3,34.03677,-117.35611,"9/21/16",43,0.42,"34.03677_-117.35611",0,0
"228",3,34.03677,-117.35611,"9/21/16",44,0.64,"34.03677_-117.35611",0,0
"229",3,34.03677,-117.35611,"9/21/16",15,0.37,"34.03677_-117.35611",0,0
"230",3,34.03677,-117.35611,"9/21/16",9,0.08,"34.03677_-117.35611",0,0
"231",3,34.03689,-117.35608,"9/21/16",51,0.54,"34.03689_-117.35608",0,0
"232",3,34.03689,-117.35608,"9/21/16",55,0.66,"34.03689_-117.35608",0,0
"233",3,34.03689,-117.35608,"9/21/16",52,0.63,"34.03689_-117.35608",0,0
"234",3,34.03689,-117.35608,"9/21/16",41,0.66,"34.03689_-117.35608",0,0
"235",3,34.03689,-117.35608,"9/21/16",34,0.62,"34.03689_-117.35608",0,0
"236",3,34.03689,-117.35608,"9/21/16",30,0.39,"34.03689_-117.35608",0,0
"237",3,34.03689,-117.35608,"9/21/16",18,0.16,"34.03689_-117.35608",0,0
"238",3,34.03689,-117.35608,"9/21/16",13,0.03,"34.03689_-117.35608",0,0
"239",3,34.03689,-117.35608,"9/21/16",25,0.15,"34.03689_-117.35608",0,0
"240",3,34.03689,-117.35608,"9/21/16",5,0,"34.03689_-117.35608",0,0
"241",3,34.03696,-117.35605,"9/21/16",34,0.78,"34.03696_-117.35605",0,0
"242",3,34.03696,-117.35605,"9/21/16",44,0.83,"34.03696_-117.35605",0,0
"243",3,34.03696,-117.35605,"9/21/16",35,0.82,"34.03696_-117.35605",0,0
"244",3,34.03696,-117.35605,"9/21/16",34,0.79,"34.03696_-117.35605",0,0
"245",3,34.03696,-117.35605,"9/21/16",34,0.82,"34.03696_-117.35605",0,0
"246",3,34.03696,-117.35605,"9/21/16",32,0.65,"34.03696_-117.35605",0,0
"247",3,34.03696,-117.35605,"9/21/16",14,0.01,"34.03696_-117.35605",0,0
"248",3,34.03696,-117.35605,"9/21/16",29,0.13,"34.03696_-117.35605",0,0
"249",3,34.03696,-117.35605,"9/21/16",30,0.7,"34.03696_-117.35605",0,0
"250",3,34.03696,-117.35605,"9/21/16",27,0.34,"34.03696_-117.35605",0,0
"251",3,34.03705,-117.35602,"9/21/16",22,0.62,"34.03705_-117.35602",0,0
"252",3,34.03705,-117.35602,"9/21/16",28,0.63,"34.03705_-117.35602",0,0
"253",3,34.03705,-117.35602,"9/21/16",32,0.82,"34.03705_-117.35602",0,0
"254",3,34.03705,-117.35602,"9/21/16",32,0.84,"34.03705_-117.35602",0,0
"255",3,34.03705,-117.35602,"9/21/16",32,0.83,"34.03705_-117.35602",0,0
"256",3,34.03705,-117.35602,"9/21/16",28,0.83,"34.03705_-117.35602",0,0
"257",3,34.03705,-117.35602,"9/21/16",31,0.84,"34.03705_-117.35602",0,0
"258",3,34.03705,-117.35602,"9/21/16",19,0.11,"34.03705_-117.35602",0,0
"259",3,34.03705,-117.35602,"9/21/16",35,0.65,"34.03705_-117.35602",0,0
"260",3,34.03705,-117.35602,"9/21/16",25,0.07,"34.03705_-117.35602",0,0
"261",3,34.03711,-117.356,"9/21/16",34,0.92,"34.03711_-117.356",0,0
"262",3,34.03711,-117.356,"9/21/16",32,0.89,"34.03711_-117.356",0,0
"263",3,34.03711,-117.356,"9/21/16",20,0.81,"34.03711_-117.356",0,0
"264",3,34.03711,-117.356,"9/21/16",16,0.73,"34.03711_-117.356",0,0
"265",3,34.03711,-117.356,"9/21/16",21,0.86,"34.03711_-117.356",0,0
"266",3,34.03711,-117.356,"9/21/16",30,0.77,"34.03711_-117.356",0,0
"267",3,34.03711,-117.356,"9/21/16",2,0,"34.03711_-117.356",0,0
"268",3,34.03711,-117.356,"9/21/16",16,0.07,"34.03711_-117.356",0,0
"269",3,34.03711,-117.356,"9/21/16",26,0.07,"34.03711_-117.356",0,0
"270",3,34.03711,-117.356,"9/21/16",40,0.86,"34.03711_-117.356",0,0
"271",3,34.03729,-117.356,"9/21/16",25,0.71,"34.03729_-117.356",0,0
"272",3,34.03729,-117.356,"9/21/16",25,0.79,"34.03729_-117.356",0,0
"273",3,34.03729,-117.356,"9/21/16",28,0.81,"34.03729_-117.356",0,0
"274",3,34.03729,-117.356,"9/21/16",27,0.68,"34.03729_-117.356",0,0
"275",3,34.03729,-117.356,"9/21/16",25,0.54,"34.03729_-117.356",0,0
"276",3,34.03729,-117.356,"9/21/16",26,0.6,"34.03729_-117.356",0,0
"277",3,34.03729,-117.356,"9/21/16",25,0.41,"34.03729_-117.356",0,0
"278",3,34.03729,-117.356,"9/21/16",15,0.35,"34.03729_-117.356",0,0
"279",3,34.03729,-117.356,"9/21/16",9,0.19,"34.03729_-117.356",0,0
"280",3,34.03729,-117.356,"9/21/16",9,-0.04,"34.03729_-117.356",0,0
"281",3,34.03745,-117.35593,"9/21/16",36,0.84,"34.03745_-117.35593",0,0
"282",3,34.03745,-117.35593,"9/21/16",30,0.7,"34.03745_-117.35593",0,0
"283",3,34.03745,-117.35593,"9/21/16",22,0.78,"34.03745_-117.35593",0,0
"284",3,34.03745,-117.35593,"9/21/16",15,0.58,"34.03745_-117.35593",0,0
"285",3,34.03745,-117.35593,"9/21/16",12,0.46,"34.03745_-117.35593",0,0
"286",3,34.03745,-117.35593,"9/21/16",14,0.57,"34.03745_-117.35593",0,0
"287",3,34.03745,-117.35593,"9/21/16",36,0.9,"34.03745_-117.35593",0,0
"288",3,34.03745,-117.35593,"9/21/16",22,0.22,"34.03745_-117.35593",0,0
"289",3,34.03745,-117.35593,"9/21/16",11,0.16,"34.03745_-117.35593",0,0
"290",3,34.03745,-117.35593,"9/21/16",41,1.08,"34.03745_-117.35593",0,0
"291",3,34.03751,-117.35593,"9/21/16",58,1.02,"34.03751_-117.35593",0,0
"292",3,34.03751,-117.35593,"9/21/16",30,0.81,"34.03751_-117.35593",0,0
"293",3,34.03751,-117.35593,"9/21/16",20,0.71,"34.03751_-117.35593",0,0
"294",3,34.03751,-117.35593,"9/21/16",11,0.6,"34.03751_-117.35593",0,0
"295",3,34.03751,-117.35593,"9/21/16",6,0.26,"34.03751_-117.35593",0,0
"296",3,34.03751,-117.35593,"9/21/16",8,0.31,"34.03751_-117.35593",0,0
"297",3,34.03751,-117.35593,"9/21/16",26,0.43,"34.03751_-117.35593",0,0
"298",3,34.03751,-117.35593,"9/21/16",36,0.35,"34.03751_-117.35593",0,0
"299",3,34.03751,-117.35593,"9/21/16",34,0.4,"34.03751_-117.35593",0,0
"300",3,34.03751,-117.35593,"9/21/16",40,0.41,"34.03751_-117.35593",0,0
"301",3,34.03762,-117.35596,"9/21/16",11,0.04,"34.03762_-117.35596",0,0
"302",3,34.03762,-117.35596,"9/21/16",28,0.38,"34.03762_-117.35596",0,0
"303",3,34.03762,-117.35596,"9/21/16",43,0.58,"34.03762_-117.35596",0,0
"304",3,34.03762,-117.35596,"9/21/16",41,0.67,"34.03762_-117.35596",0,0
"305",3,34.03762,-117.35596,"9/21/16",34,0.91,"34.03762_-117.35596",0,0
"306",3,34.03762,-117.35596,"9/21/16",18,0.86,"34.03762_-117.35596",0,0
"307",3,34.03762,-117.35596,"9/21/16",20,0.6,"34.03762_-117.35596",0,0
"308",3,34.03762,-117.35596,"9/21/16",18,0.35,"34.03762_-117.35596",0,0
"309",3,34.03762,-117.35596,"9/21/16",14,0.42,"34.03762_-117.35596",0,0
"310",3,34.03762,-117.35596,"9/21/16",18,0.03,"34.03762_-117.35596",0,0
"311",3,34.03776,-117.35596,"9/21/16",2,0,"34.03776_-117.35596",0,0
"312",3,34.03776,-117.35596,"9/21/16",11,0.24,"34.03776_-117.35596",0,0
"313",3,34.03776,-117.35596,"9/21/16",20,0.45,"34.03776_-117.35596",0,0
"314",3,34.03776,-117.35596,"9/21/16",27,0.71,"34.03776_-117.35596",0,0
"315",3,34.03776,-117.35596,"9/21/16",27,0.76,"34.03776_-117.35596",0,0
"316",3,34.03776,-117.35596,"9/21/16",28,0.94,"34.03776_-117.35596",0,0
"317",3,34.03776,-117.35596,"9/21/16",32,0.96,"34.03776_-117.35596",0,0
"318",3,34.03776,-117.35596,"9/21/16",34,1.18,"34.03776_-117.35596",0,0
"319",3,34.03776,-117.35596,"9/21/16",32,0.92,"34.03776_-117.35596",0,0
"320",3,34.03776,-117.35596,"9/21/16",30,0.74,"34.03776_-117.35596",0,0
"321",4,34.03495,-117.35665,"9/21/16",2,0,"34.03495_-117.35665",0,0
"322",4,34.03495,-117.35665,"9/21/16",6,-0.03,"34.03495_-117.35665",0,0
"323",4,34.03495,-117.35665,"9/21/16",18,-0.04,"34.03495_-117.35665",0,0
"324",4,34.03495,-117.35665,"9/21/16",22,0.52,"34.03495_-117.35665",0,0
"325",4,34.03495,-117.35665,"9/21/16",27,0.71,"34.03495_-117.35665",0,0
"326",4,34.03495,-117.35665,"9/21/16",26,0.72,"34.03495_-117.35665",0,0
"327",4,34.03495,-117.35665,"9/21/16",30,0.61,"34.03495_-117.35665",0,0
"328",4,34.03495,-117.35665,"9/21/16",32,0.64,"34.03495_-117.35665",0,0
"329",4,34.03495,-117.35665,"9/21/16",30,0.73,"34.03495_-117.35665",0,0
"330",4,34.03495,-117.35665,"9/21/16",20,0.47,"34.03495_-117.35665",0,0
"331",4,34.03505,-117.35667,"9/21/16",23,0.25,"34.03505_-117.35667",0,0
"332",4,34.03505,-117.35667,"9/21/16",23,0.62,"34.03505_-117.35667",0,0
"333",4,34.03505,-117.35667,"9/21/16",22,0.64,"34.03505_-117.35667",0,0
"334",4,34.03505,-117.35667,"9/21/16",20,0.69,"34.03505_-117.35667",0,0
"335",4,34.03505,-117.35667,"9/21/16",18,0.7,"34.03505_-117.35667",0,0
"336",4,34.03505,-117.35667,"9/21/16",18,0.64,"34.03505_-117.35667",0,0
"337",4,34.03505,-117.35667,"9/21/16",21,0.46,"34.03505_-117.35667",0,0
"338",4,34.03505,-117.35667,"9/21/16",25,0.59,"34.03505_-117.35667",0,0
"339",4,34.03505,-117.35667,"9/21/16",20,0.58,"34.03505_-117.35667",0,0
"340",4,34.03505,-117.35667,"9/21/16",2,0,"34.03505_-117.35667",0,0
"341",4,34.03517,-117.35673,"9/21/16",20,0.47,"34.03517_-117.35673",0,0
"342",4,34.03517,-117.35673,"9/21/16",27,0.39,"34.03517_-117.35673",0,0
"343",4,34.03517,-117.35673,"9/21/16",22,0.66,"34.03517_-117.35673",0,0
"344",4,34.03517,-117.35673,"9/21/16",21,0.67,"34.03517_-117.35673",0,0
"345",4,34.03517,-117.35673,"9/21/16",24,0.71,"34.03517_-117.35673",0,0
"346",4,34.03517,-117.35673,"9/21/16",21,0.47,"34.03517_-117.35673",0,0
"347",4,34.03517,-117.35673,"9/21/16",22,0.67,"34.03517_-117.35673",0,0
"348",4,34.03517,-117.35673,"9/21/16",24,0.55,"34.03517_-117.35673",0,0
"349",4,34.03517,-117.35673,"9/21/16",6,0.02,"34.03517_-117.35673",0,0
"350",4,34.03517,-117.35673,"9/21/16",16,0.13,"34.03517_-117.35673",0,0
"351",4,34.03526,-117.35674,"9/21/16",19,0.69,"34.03526_-117.35674",0,0
"352",4,34.03526,-117.35674,"9/21/16",22,0.7,"34.03526_-117.35674",0,0
"353",4,34.03526,-117.35674,"9/21/16",22,0.74,"34.03526_-117.35674",0,0
"354",4,34.03526,-117.35674,"9/21/16",28,0.62,"34.03526_-117.35674",0,0
"355",4,34.03526,-117.35674,"9/21/16",16,0.61,"34.03526_-117.35674",0,0
"356",4,34.03526,-117.35674,"9/21/16",18,0.76,"34.03526_-117.35674",0,0
"357",4,34.03526,-117.35674,"9/21/16",21,0.61,"34.03526_-117.35674",0,0
"358",4,34.03526,-117.35674,"9/21/16",17,0.18,"34.03526_-117.35674",0,0
"359",4,34.03526,-117.35674,"9/21/16",20,0.1,"34.03526_-117.35674",0,0
"360",4,34.03526,-117.35674,"9/21/16",4,0,"34.03526_-117.35674",0,0
"361",4,34.03534,-117.35673,"9/21/16",23,0.44,"34.03534_-117.35673",0,0
"362",4,34.03534,-117.35673,"9/21/16",20,0.54,"34.03534_-117.35673",0,0
"363",4,34.03534,-117.35673,"9/21/16",26,0.63,"34.03534_-117.35673",0,0
"364",4,34.03534,-117.35673,"9/21/16",28,0.69,"34.03534_-117.35673",0,0
"365",4,34.03534,-117.35673,"9/21/16",23,0.72,"34.03534_-117.35673",0,0
"366",4,34.03534,-117.35673,"9/21/16",20,0.62,"34.03534_-117.35673",0,0
"367",4,34.03534,-117.35673,"9/21/16",16,0.65,"34.03534_-117.35673",0,0
"368",4,34.03534,-117.35673,"9/21/16",18,0.54,"34.03534_-117.35673",0,0
"369",4,34.03534,-117.35673,"9/21/16",2,0,"34.03534_-117.35673",0,0
"370",4,34.03534,-117.35673,"9/21/16",17,0.13,"34.03534_-117.35673",0,0
"371",4,34.03548,-117.35674,"9/21/16",12,-0.03,"34.03548_-117.35674",0,0
"372",4,34.03548,-117.35674,"9/21/16",22,0.06,"34.03548_-117.35674",0,0
"373",4,34.03548,-117.35674,"9/21/16",30,0.35,"34.03548_-117.35674",0,0
"374",4,34.03548,-117.35674,"9/21/16",34,0.51,"34.03548_-117.35674",0,0
"375",4,34.03548,-117.35674,"9/21/16",34,0.57,"34.03548_-117.35674",0,0
"376",4,34.03548,-117.35674,"9/21/16",39,0.47,"34.03548_-117.35674",0,0
"377",4,34.03548,-117.35674,"9/21/16",50,0.45,"34.03548_-117.35674",0,0
"378",4,34.03548,-117.35674,"9/21/16",8,-0.05,"34.03548_-117.35674",0,0
"379",4,34.03548,-117.35674,"9/21/16",30,0.31,"34.03548_-117.35674",0,0
"380",4,34.03548,-117.35674,"9/21/16",4,0,"34.03548_-117.35674",0,0
"381",4,34.03559,-117.35676,"9/21/16",2,0,"34.03559_-117.35676",0,0
"382",4,34.03559,-117.35676,"9/21/16",6,0.13,"34.03559_-117.35676",0,0
"383",4,34.03559,-117.35676,"9/21/16",12,0.4,"34.03559_-117.35676",0,0
"384",4,34.03559,-117.35676,"9/21/16",22,0.62,"34.03559_-117.35676",0,0
"385",4,34.03559,-117.35676,"9/21/16",20,0.77,"34.03559_-117.35676",0,0
"386",4,34.03559,-117.35676,"9/21/16",20,0.68,"34.03559_-117.35676",0,0
"387",4,34.03559,-117.35676,"9/21/16",18,0.76,"34.03559_-117.35676",0,0
"388",4,34.03559,-117.35676,"9/21/16",22,0.73,"34.03559_-117.35676",0,0
"389",4,34.03559,-117.35676,"9/21/16",16,0.52,"34.03559_-117.35676",0,0
"390",4,34.03559,-117.35676,"9/21/16",6,0.03,"34.03559_-117.35676",0,0
"391",4,34.03299,-117.3561,"9/20/2016",30,0.59,"34.03299_-117.3561",5,0
"392",4,34.03299,-117.3561,"9/20/2016",30,0.33,"34.03299_-117.3561",5,0
"393",4,34.03299,-117.3561,"9/20/2016",31,0.38,"34.03299_-117.3561",0,3
"394",4,34.03299,-117.3561,"9/20/2016",31,0.43,"34.03299_-117.3561",0,5
"395",4,34.03299,-117.3561,"9/20/2016",43,0.35,"34.03299_-117.3561",0,10
"396",4,34.03299,-117.3561,"9/20/2016",23,0.46,"34.03299_-117.3561",0,6
"397",4,34.03299,-117.3561,"9/20/2016",24,0.73,"34.03299_-117.3561",5,0
"398",4,34.03299,-117.3561,"9/20/2016",24,0.73,"34.03299_-117.3561",0,1
"399",4,34.03299,-117.3561,"9/20/2016",32,0.66,"34.03299_-117.3561",5,0
"400",4,34.03299,-117.3561,"9/20/2016",32,0.62,"34.03299_-117.3561",1,0
"401",4,34.03299,-117.3561,"9/20/2016",34,0.56,"34.03299_-117.3561",5,0
"402",4,34.03299,-117.3561,"9/20/2016",34,0.56,"34.03299_-117.3561",2,0
"403",4,34.03299,-117.3561,"9/20/2016",34,0.56,"34.03299_-117.3561",0,2
"404",4,34.03299,-117.3561,"9/20/2016",34,0.56,"34.03299_-117.3561",0,5
"405",4,34.03299,-117.3561,"9/20/2016",25,0.72,"34.03299_-117.3561",1,0
"406",4,34.03299,-117.3561,"9/20/2016",34,0.74,"34.03299_-117.3561",5,0
"407",4,34.03299,-117.3561,"9/20/2016",25,0.53,"34.03299_-117.3561",4,0
"408",4,34.03299,-117.3561,"9/20/2016",32,0.67,"34.03299_-117.3561",3,0
"409",4,34.03299,-117.3561,"9/20/2016",25,0.53,"34.03299_-117.3561",0,1
"410",4,34.03299,-117.3561,"9/20/2016",50,1.16,"34.03299_-117.3561",5,0
"411",4,34.03299,-117.3561,"9/20/2016",54,0.9,"34.03299_-117.3561",1,0
"412",4,34.03299,-117.3561,"9/20/2016",54,0.9,"34.03299_-117.3561",4,0
"413",4,34.03299,-117.3561,"9/20/2016",26,1.01,"34.03299_-117.3561",1,0
"414",4,34.03299,-117.3561,"9/20/2016",36,0.84,"34.03299_-117.3561",5,0
"415",4,34.03299,-117.3561,"9/20/2016",40,0.52,"34.03299_-117.3561",0,5
"416",4,34.03299,-117.3561,"9/20/2016",40,0.52,"34.03299_-117.3561",0,5
"417",4,34.03299,-117.3561,"9/20/2016",4,1.07,"34.03299_-117.3561",1,0
"418",4,34.03299,-117.3561,"9/20/2016",4,1.07,"34.03299_-117.3561",4,0
"419",4,34.03299,-117.3561,"9/20/2016",29,0.65,"34.03299_-117.3561",2,0
"420",4,34.03299,-117.3561,"9/20/2016",29,0.65,"34.03299_-117.3561",1,0
"421",4,34.03299,-117.3561,"9/20/2016",28,0.92,"34.03299_-117.3561",1,0
"422",4,34.03299,-117.3561,"9/20/2016",32,0.88,"34.03299_-117.3561",5,0
"423",4,34.03299,-117.3561,"9/20/2016",36,0.87,"34.03299_-117.3561",0,2
"424",4,34.03299,-117.3561,"9/20/2016",36,0.87,"34.03299_-117.3561",3,0
"425",4,34.03493,-117.35665,"9/20/2016",35,0.133,"34.03493_-117.35665",4,0
"426",4,34.03493,-117.35665,"9/20/2016",25,0.78,"34.03493_-117.35665",2,0
"427",4,34.03493,-117.35665,"9/20/2016",25,0.78,"34.03493_-117.35665",0,1
"428",4,34.03493,-117.35665,"9/20/2016",39,0.98,"34.03493_-117.35665",5,0
"429",4,34.03493,-117.35665,"9/20/2016",39,0.98,"34.03493_-117.35665",5,0
"430",4,34.03493,-117.35665,"9/20/2016",48,0.37,"34.03493_-117.35665",10,0
"431",4,34.03493,-117.35665,"9/20/2016",48,0.37,"34.03493_-117.35665",10,0
"432",4,34.03493,-117.35665,"9/20/2016",48,0.37,"34.03493_-117.35665",0,5
"433",4,34.03493,-117.35665,"9/20/2016",35,0.76,"34.03493_-117.35665",10,0
"434",4,34.03493,-117.35665,"9/20/2016",35,0.76,"34.03493_-117.35665",0,3
"435",4,34.03493,-117.35665,"9/20/2016",41,0.67,"34.03493_-117.35665",0,6
"436",4,34.03493,-117.35665,"9/20/2016",40,1.21,"34.03493_-117.35665",2,0
"437",4,34.03493,-117.35665,"9/20/2016",40,1.21,"34.03493_-117.35665",5,0
"438",4,34.03493,-117.35665,"9/20/2016",40,1.21,"34.03493_-117.35665",5,0
"439",4,34.03493,-117.35665,"9/20/2016",36,0.26,"34.03493_-117.35665",0,4
"440",4,34.03493,-117.35665,"9/20/2016",102,NA,"34.03493_-117.35665",5,0
"441",4,34.03493,-117.35665,"9/20/2016",102,NA,"34.03493_-117.35665",5,0
"442",4,34.03493,-117.35665,"9/20/2016",70,0,"34.03493_-117.35665",0,5
"443",4,34.03493,-117.35665,"9/20/2016",70,0,"34.03493_-117.35665",0,5
"444",4,34.03493,-117.35665,"9/20/2016",38,1.29,"34.03493_-117.35665",5,0
"445",4,34.03493,-117.35665,"9/20/2016",38,1.29,"34.03493_-117.35665",5,0
"446",4,34.03493,-117.35665,"9/20/2016",51,0.82,"34.03493_-117.35665",1,0
"447",4,34.03493,-117.35665,"9/20/2016",39,0.75,"34.03493_-117.35665",0,8
"448",4,34.03493,-117.35665,"9/20/2016",33,0.56,"34.03493_-117.35665",0,5
"449",4,34.03493,-117.35665,"9/20/2016",33,0.56,"34.03493_-117.35665",5,0
"450",4,34.03493,-117.35665,"9/20/2016",58,0.13,"34.03493_-117.35665",0,2
"451",4,34.03493,-117.35665,"9/20/2016",67,0.16,"34.03493_-117.35665",0,5
"452",4,34.03493,-117.35665,"9/20/2016",67,0.16,"34.03493_-117.35665",0,5
"453",4,34.03493,-117.35665,"9/20/2016",46,0.75,"34.03493_-117.35665",5,0
"454",4,34.03493,-117.35665,"9/20/2016",46,0.75,"34.03493_-117.35665",0,5
"455",4,34.03493,-117.35665,"9/20/2016",36,1.31,"34.03493_-117.35665",0,8
"456",4,34.03493,-117.35665,"9/20/2016",36,1.31,"34.03493_-117.35665",1,0
"457",4,34.03493,-117.35665,"9/20/2016",25,0.74,"34.03493_-117.35665",0,6
"458",4,34.03493,-117.35665,"9/20/2016",48,0.65,"34.03493_-117.35665",5,0
"459",4,34.03493,-117.35665,"9/20/2016",48,0.65,"34.03493_-117.35665",5,0
"460",4,34.03493,-117.35665,"9/20/2016",48,0.96,"34.03493_-117.35665",5,0
"461",4,34.03493,-117.35665,"9/20/2016",48,0.96,"34.03493_-117.35665",5,0
"462",4,34.03493,-117.35665,"9/20/2016",33,0.73,"34.03493_-117.35665",0,3
"463",4,34.03493,-117.35665,"9/20/2016",33,0.73,"34.03493_-117.35665",0,3
"464",4,34.03493,-117.35665,"9/21/2016",52,0.33,"34.03493_-117.35665",0,3
"465",4,34.03493,-117.35665,"9/21/2016",52,0.33,"34.03493_-117.35665",0,4
"466",4,34.03493,-117.35665,"9/21/2016",52,0.33,"34.03493_-117.35665",1,0
"467",4,34.03493,-117.35665,"9/21/2016",52,0.33,"34.03493_-117.35665",2,0
"468",4,34.03493,-117.35665,"9/21/2016",52,0.33,"34.03493_-117.35665",5,0
"469",4,34.03493,-117.35665,"9/21/2016",29,0.53,"34.03493_-117.35665",0,3
"470",4,34.03493,-117.35665,"9/21/2016",29,0.53,"34.03493_-117.35665",0,2
"471",4,34.03493,-117.35665,"9/21/2016",29,0.53,"34.03493_-117.35665",0,1
"472",4,34.03493,-117.35665,"9/21/2016",67,0.52,"34.03493_-117.35665",0,10
"473",4,34.03493,-117.35665,"9/21/2016",67,0.52,"34.03493_-117.35665",0,10
"474",4,34.03493,-117.35665,"9/21/2016",67,0.52,"34.03493_-117.35665",10,0
"475",4,34.03493,-117.35665,"9/21/2016",72,0.48,"34.03493_-117.35665",0,1
"476",4,34.03493,-117.35665,"9/21/2016",72,0.48,"34.03493_-117.35665",0,10
"477",4,34.03493,-117.35665,"9/21/2016",26,0.42,"34.03493_-117.35665",0,5
"478",4,34.03493,-117.35665,"9/21/2016",26,0.42,"34.03493_-117.35665",0,5
"479",4,34.03493,-117.35665,"9/21/2016",60,0.48,"34.03493_-117.35665",5,0
"480",4,34.03493,-117.35665,"9/21/2016",60,0.48,"34.03493_-117.35665",5,0
"481",4,34.03493,-117.35665,"9/21/2016",53,0.36,"34.03493_-117.35665",0,5
"482",4,34.03493,-117.35665,"9/21/2016",53,0.36,"34.03493_-117.35665",3,0
"483",4,34.03493,-117.35665,"9/21/2016",53,0.36,"34.03493_-117.35665",5,0
"484",4,34.03493,-117.35665,"9/21/2016",36,0.6,"34.03493_-117.35665",0,1
"485",4,34.03493,-117.35665,"9/21/2016",36,0.6,"34.03493_-117.35665",0,1
"486",4,34.03493,-117.35665,"9/21/2016",32,0.66,"34.03493_-117.35665",3,0
"487",4,34.03493,-117.35665,"9/21/2016",32,0.66,"34.03493_-117.35665",2,0
"488",4,34.03493,-117.35665,"9/21/2016",37,0.4,"34.03493_-117.35665",5,0
"489",4,34.03493,-117.35665,"9/21/2016",37,0.4,"34.03493_-117.35665",5,0
"490",4,34.03493,-117.35665,"9/21/2016",38,0.26,"34.03493_-117.35665",3,0
"491",4,34.03493,-117.35665,"9/21/2016",38,0.26,"34.03493_-117.35665",5,0
"492",4,34.03493,-117.35665,"9/21/2016",31,0.59,"34.03493_-117.35665",5,0
"493",4,34.03493,-117.35665,"9/21/2016",31,0.59,"34.03493_-117.35665",2,0
"494",4,34.03493,-117.35665,"9/21/2016",31,0.59,"34.03493_-117.35665",3,0
"495",4,34.03493,-117.35665,"9/21/2016",28,0.55,"34.03493_-117.35665",0,1
"496",4,34.03493,-117.35665,"9/21/2016",28,0.55,"34.03493_-117.35665",0,1
"497",4,34.03493,-117.35665,"9/21/2016",28,0.55,"34.03493_-117.35665",5,0
"498",4,34.03493,-117.35665,"9/21/2016",28,0.55,"34.03493_-117.35665",5,0
"499",4,34.03493,-117.35665,"9/21/2016",32,0.56,"34.03493_-117.35665",0,7
"500",4,34.03493,-117.35665,"9/21/2016",32,0.56,"34.03493_-117.35665",0,3
"501",4,34.03493,-117.35665,"9/21/2016",32,0.56,"34.03493_-117.35665",3,0
"502",3,34.03662,-117.35625,"9/21/2016",51,0.26,"34.03662_-117.35625",0,3
"503",3,34.03662,-117.35625,"9/21/2016",51,0.26,"34.03662_-117.35625",0,3
"504",3,34.03662,-117.35625,"9/21/2016",48,0.49,"34.03662_-117.35625",0,3
"505",3,34.03662,-117.35625,"9/21/2016",48,0.49,"34.03662_-117.35625",0,5
"506",3,34.03662,-117.35625,"9/21/2016",14,0.5,"34.03662_-117.35625",5,0
"507",3,34.03662,-117.35625,"9/21/2016",14,0.5,"34.03662_-117.35625",5,0
"508",3,34.03662,-117.35625,"9/21/2016",64,0.5,"34.03662_-117.35625",0,3
"509",3,34.03662,-117.35625,"9/21/2016",64,0.5,"34.03662_-117.35625",0,5
"510",3,34.03662,-117.35625,"9/21/2016",25,0.32,"34.03662_-117.35625",0,3
"511",3,34.03662,-117.35625,"9/21/2016",52,0.62,"34.03662_-117.35625",5,0
"512",3,34.03662,-117.35625,"9/21/2016",52,0.62,"34.03662_-117.35625",5,0
"513",3,34.03662,-117.35625,"9/21/2016",52,0.62,"34.03662_-117.35625",0,3
"514",3,34.03662,-117.35625,"9/21/2016",52,0.62,"34.03662_-117.35625",0,5
"515",3,34.03662,-117.35625,"9/21/2016",44,0.96,"34.03662_-117.35625",0,2
"516",3,34.03662,-117.35625,"9/21/2016",52,0.46,"34.03662_-117.35625",0,5
"517",3,34.03662,-117.35625,"9/21/2016",52,0.46,"34.03662_-117.35625",0,5
"518",3,34.03662,-117.35625,"9/21/2016",58,0.44,"34.03662_-117.35625",0,3
"519",3,34.03662,-117.35625,"9/21/2016",58,0.44,"34.03662_-117.35625",0,5
"520",3,34.03662,-117.35625,"9/21/2016",58,0.44,"34.03662_-117.35625",0,5
"521",3,34.03662,-117.35625,"9/21/2016",74,0.62,"34.03662_-117.35625",2,0
"522",3,34.03662,-117.35625,"9/21/2016",74,0.62,"34.03662_-117.35625",3,0
"523",3,34.03662,-117.35625,"9/21/2016",74,0.62,"34.03662_-117.35625",5,0
"524",3,34.03662,-117.35625,"9/21/2016",68,0.53,"34.03662_-117.35625",0,2
"525",3,34.03662,-117.35625,"9/21/2016",68,0.53,"34.03662_-117.35625",0,5
"526",3,34.03662,-117.35625,"9/21/2016",44,0.74,"34.03662_-117.35625",3,0
"527",3,34.03662,-117.35625,"9/21/2016",44,0.74,"34.03662_-117.35625",3,0
"528",3,34.03662,-117.35625,"9/21/2016",67,0.56,"34.03662_-117.35625",0,2
"529",3,34.03662,-117.35625,"9/21/2016",67,0.56,"34.03662_-117.35625",0,3
"530",3,34.03662,-117.35625,"9/21/2016",67,0.56,"34.03662_-117.35625",3,0
"531",3,34.03662,-117.35625,"9/21/2016",67,0.56,"34.03662_-117.35625",3,0
"532",3,34.03662,-117.35625,"9/21/2016",49,0.84,"34.03662_-117.35625",4,0
"533",3,34.03662,-117.35625,"9/21/2016",49,0.84,"34.03662_-117.35625",0,11
"534",3,34.03662,-117.35625,"9/21/2016",36,0.51,"34.03662_-117.35625",5,0
